<?xml version="1.0" encoding="UTF-8"?>
<activity id="4" moduleid="5" modulename="label" contextid="31">
  <label id="4">
    <name>




One theme - endless possibilities - for ...</name>
    <intro>&lt;div class="row-fluid frontpage"&gt;
&lt;div class="span6"&gt;
&lt;img class="img-responsive" alt="lambda responsive" src="http://lambda.redpithemes.com/pluginfile.php/378/mod_label/intro/lambda_responsive.jpg"&gt;
&lt;/div&gt;
&lt;div class="span6"&gt;
&lt;h1&gt;One theme - endless possibilities - for all devices&lt;/h1&gt;
&lt;div class="divider line-01"&gt;&lt;/div&gt;
&lt;h4&gt;Theme Lambda allows you to build your own style, you get options for everything you need:&lt;/h4&gt;
&lt;p class="plus"&gt; Lambda is a high quality and very flexible theme with lots of powerful features and theme options. It lets you present your content in whatever way you like. Furthermore: You don't have to care about selecting a 'legacy', a 'mobile' and a 'tablet' version of a theme. Theme Lambda adapts to all screen resolutions. It's responsive and looks great on all devices.&lt;/p&gt;
&lt;/div&gt;
&lt;/div&gt;</intro>
    <introformat>1</introformat>
    <timemodified>1517226622</timemodified>
  </label>
</activity>