<?xml version="1.0" encoding="UTF-8"?>
<moodle_backup>
  <information>
    <name>backup-moodle2-course-1-theme_lambda_demo_contents-20180129-2051-nu.mbz</name>
    <moodle_version>2015051109.02</moodle_version>
    <moodle_release>2.9.9+ (Build: 20161129)</moodle_release>
    <backup_version>2015051100</backup_version>
    <backup_release>2.9</backup_release>
    <backup_date>1517230302</backup_date>
    <mnet_remoteusers>0</mnet_remoteusers>
    <include_files>1</include_files>
    <include_file_references_to_external_content>0</include_file_references_to_external_content>
    <original_wwwroot>http://localhost</original_wwwroot>
    <original_site_identifier_hash>606af9784efe0c422743dfb9a5c8cac9</original_site_identifier_hash>
    <original_course_id>1</original_course_id>
    <original_course_format>site</original_course_format>
    <original_course_fullname>Theme Lambda Demo Contents</original_course_fullname>
    <original_course_shortname>Theme Lambda Demo Contents</original_course_shortname>
    <original_course_startdate>0</original_course_startdate>
    <original_course_contextid>5</original_course_contextid>
    <original_system_contextid>1</original_system_contextid>
    <details>
      <detail backup_id="855142e613be98dff3f1109de500e047">
        <type>course</type>
        <format>moodle2</format>
        <interactive>1</interactive>
        <mode>10</mode>
        <execution>1</execution>
        <executiontime>0</executiontime>
      </detail>
    </details>
    <contents>
      <activities>
        <activity>
          <moduleid>1</moduleid>
          <sectionid>1</sectionid>
          <modulename>page</modulename>
          <title>Typography</title>
          <directory>activities/page_1</directory>
        </activity>
        <activity>
          <moduleid>2</moduleid>
          <sectionid>2</sectionid>
          <modulename>label</modulename>
          <title>

Welcome to
Theme Lambda for Moodle

The per...</title>
          <directory>activities/label_2</directory>
        </activity>
        <activity>
          <moduleid>3</moduleid>
          <sectionid>2</sectionid>
          <modulename>label</modulename>
          <title>




Fully Responsive
Adepting to all screen...</title>
          <directory>activities/label_3</directory>
        </activity>
        <activity>
          <moduleid>4</moduleid>
          <sectionid>2</sectionid>
          <modulename>label</modulename>
          <title>

Take a closer look at the included features:
...</title>
          <directory>activities/label_4</directory>
        </activity>
        <activity>
          <moduleid>5</moduleid>
          <sectionid>2</sectionid>
          <modulename>label</modulename>
          <title>




One theme - endless possibilities - for ...</title>
          <directory>activities/label_5</directory>
        </activity>
        <activity>
          <moduleid>6</moduleid>
          <sectionid>2</sectionid>
          <modulename>label</modulename>
          <title>
Feeling convinced? Don't wait any longer...
Sam...</title>
          <directory>activities/label_6</directory>
        </activity>
      </activities>
      <sections>
        <section>
          <sectionid>1</sectionid>
          <title>0</title>
          <directory>sections/section_1</directory>
        </section>
        <section>
          <sectionid>2</sectionid>
          <title>1</title>
          <directory>sections/section_2</directory>
        </section>
      </sections>
      <course>
        <courseid>1</courseid>
        <title>Theme Lambda Demo Contents</title>
        <directory>course</directory>
      </course>
    </contents>
    <settings>
      <setting>
        <level>root</level>
        <name>filename</name>
        <value>backup-moodle2-course-1-theme_lambda_demo_contents-20180129-2051-nu.mbz</value>
      </setting>
      <setting>
        <level>root</level>
        <name>imscc11</name>
        <value>0</value>
      </setting>
      <setting>
        <level>root</level>
        <name>users</name>
        <value>0</value>
      </setting>
      <setting>
        <level>root</level>
        <name>anonymize</name>
        <value>0</value>
      </setting>
      <setting>
        <level>root</level>
        <name>role_assignments</name>
        <value>0</value>
      </setting>
      <setting>
        <level>root</level>
        <name>activities</name>
        <value>1</value>
      </setting>
      <setting>
        <level>root</level>
        <name>blocks</name>
        <value>0</value>
      </setting>
      <setting>
        <level>root</level>
        <name>filters</name>
        <value>1</value>
      </setting>
      <setting>
        <level>root</level>
        <name>comments</name>
        <value>0</value>
      </setting>
      <setting>
        <level>root</level>
        <name>badges</name>
        <value>0</value>
      </setting>
      <setting>
        <level>root</level>
        <name>calendarevents</name>
        <value>0</value>
      </setting>
      <setting>
        <level>root</level>
        <name>userscompletion</name>
        <value>0</value>
      </setting>
      <setting>
        <level>root</level>
        <name>logs</name>
        <value>0</value>
      </setting>
      <setting>
        <level>root</level>
        <name>grade_histories</name>
        <value>0</value>
      </setting>
      <setting>
        <level>root</level>
        <name>questionbank</name>
        <value>0</value>
      </setting>
      <setting>
        <level>root</level>
        <name>groups</name>
        <value>0</value>
      </setting>
      <setting>
        <level>section</level>
        <section>section_1</section>
        <name>section_1_included</name>
        <value>1</value>
      </setting>
      <setting>
        <level>section</level>
        <section>section_1</section>
        <name>section_1_userinfo</name>
        <value>0</value>
      </setting>
      <setting>
        <level>activity</level>
        <activity>page_1</activity>
        <name>page_1_included</name>
        <value>1</value>
      </setting>
      <setting>
        <level>activity</level>
        <activity>page_1</activity>
        <name>page_1_userinfo</name>
        <value>0</value>
      </setting>
      <setting>
        <level>section</level>
        <section>section_2</section>
        <name>section_2_included</name>
        <value>1</value>
      </setting>
      <setting>
        <level>section</level>
        <section>section_2</section>
        <name>section_2_userinfo</name>
        <value>0</value>
      </setting>
      <setting>
        <level>activity</level>
        <activity>label_2</activity>
        <name>label_2_included</name>
        <value>1</value>
      </setting>
      <setting>
        <level>activity</level>
        <activity>label_2</activity>
        <name>label_2_userinfo</name>
        <value>0</value>
      </setting>
      <setting>
        <level>activity</level>
        <activity>label_3</activity>
        <name>label_3_included</name>
        <value>1</value>
      </setting>
      <setting>
        <level>activity</level>
        <activity>label_3</activity>
        <name>label_3_userinfo</name>
        <value>0</value>
      </setting>
      <setting>
        <level>activity</level>
        <activity>label_4</activity>
        <name>label_4_included</name>
        <value>1</value>
      </setting>
      <setting>
        <level>activity</level>
        <activity>label_4</activity>
        <name>label_4_userinfo</name>
        <value>0</value>
      </setting>
      <setting>
        <level>activity</level>
        <activity>label_5</activity>
        <name>label_5_included</name>
        <value>1</value>
      </setting>
      <setting>
        <level>activity</level>
        <activity>label_5</activity>
        <name>label_5_userinfo</name>
        <value>0</value>
      </setting>
      <setting>
        <level>activity</level>
        <activity>label_6</activity>
        <name>label_6_included</name>
        <value>1</value>
      </setting>
      <setting>
        <level>activity</level>
        <activity>label_6</activity>
        <name>label_6_userinfo</name>
        <value>0</value>
      </setting>
    </settings>
  </information>
</moodle_backup>